Employee_Name,Employee_EmailID,Secret_Child_Name,Secret_Child_EmailID
Chris Johnson,chris.johnson1@example.com,Casey Davis,casey.davis56@example.com
Morgan Johnson,morgan.johnson2@example.com,Casey Taylor,casey.taylor93@example.com
Chris Williams,chris.williams3@example.com,John Davis,john.davis7@example.com
Pat Miller,pat.miller4@example.com,Alex Moore,alex.moore23@example.com
Pat Johnson,pat.johnson5@example.com,Blake Taylor,blake.taylor37@example.com
Jane Davis,jane.davis6@example.com,Chris Davis,chris.davis24@example.com
John Davis,john.davis7@example.com,Alex Wilson,alex.wilson51@example.com
Chris Taylor,chris.taylor8@example.com,Jane Jones,jane.jones40@example.com
Alex Davis,alex.davis9@example.com,Taylor Taylor,taylor.taylor34@example.com
Jordan Wilson,jordan.wilson10@example.com,John Wilson,john.wilson21@example.com
Alex Davis,alex.davis11@example.com,Alex Davis,alex.davis9@example.com
Chris Johnson,chris.johnson12@example.com,Jordan Miller,jordan.miller57@example.com
Pat Williams,pat.williams13@example.com,Pat Williams,pat.williams13@example.com
Casey Jones,casey.jones14@example.com,Jordan Taylor,jordan.taylor17@example.com
Pat Johnson,pat.johnson15@example.com,Jordan Wilson,jordan.wilson10@example.com
Casey Smith,casey.smith16@example.com,Morgan Davis,morgan.davis70@example.com
Jordan Taylor,jordan.taylor17@example.com,Jordan Jones,jordan.jones25@example.com
Jane Brown,jane.brown18@example.com,Chris Johnson,chris.johnson1@example.com
John Taylor,john.taylor19@example.com,Morgan Smith,morgan.smith66@example.com
Morgan Johnson,morgan.johnson20@example.com,Casey Moore,casey.moore43@example.com
John Wilson,john.wilson21@example.com,Casey Smith,casey.smith16@example.com
Blake Moore,blake.moore22@example.com,Morgan Miller,morgan.miller55@example.com
Alex Moore,alex.moore23@example.com,Blake Moore,blake.moore22@example.com
Chris Davis,chris.davis24@example.com,Casey Smith,casey.smith16@example.com
Jordan Jones,jordan.jones25@example.com,John Johnson,john.johnson31@example.com
Jane Smith,jane.smith26@example.com,Taylor Wilson,taylor.wilson32@example.com
Chris Moore,chris.moore27@example.com,Chris Jones,chris.jones74@example.com
Taylor Smith,taylor.smith28@example.com,Pat Williams,pat.williams13@example.com
Chris Brown,chris.brown29@example.com,Jordan Davis,jordan.davis44@example.com
Jane Williams,jane.williams30@example.com,Pat Smith,pat.smith38@example.com
John Johnson,john.johnson31@example.com,Jane Williams,jane.williams30@example.com
Taylor Wilson,taylor.wilson32@example.com,Morgan Miller,morgan.miller55@example.com
Jane Wilson,jane.wilson33@example.com,Jordan Williams,jordan.williams35@example.com
Taylor Taylor,taylor.taylor34@example.com,Casey Moore,casey.moore43@example.com
Jordan Williams,jordan.williams35@example.com,Jordan Williams,jordan.williams35@example.com
Jordan Wilson,jordan.wilson36@example.com,Blake Moore,blake.moore22@example.com
Blake Taylor,blake.taylor37@example.com,Casey Moore,casey.moore43@example.com
Pat Smith,pat.smith38@example.com,Pat Miller,pat.miller4@example.com
John Moore,john.moore39@example.com,Jane Davis,jane.davis6@example.com
Jane Jones,jane.jones40@example.com,Blake Davis,blake.davis83@example.com
John Moore,john.moore41@example.com,Jane Johnson,jane.johnson68@example.com
Jane Davis,jane.davis42@example.com,Morgan Jones,morgan.jones94@example.com
Casey Moore,casey.moore43@example.com,Alex Wilson,alex.wilson51@example.com
Jordan Davis,jordan.davis44@example.com,Casey Jones,casey.jones14@example.com
Casey Moore,casey.moore45@example.com,Alex Taylor,alex.taylor65@example.com
Blake Williams,blake.williams46@example.com,Jane Wilson,jane.wilson33@example.com
Blake Moore,blake.moore47@example.com,Chris Taylor,chris.taylor8@example.com
Chris Miller,chris.miller48@example.com,Jordan Smith,jordan.smith87@example.com
Casey Smith,casey.smith49@example.com,John Jones,john.jones98@example.com
Taylor Johnson,taylor.johnson50@example.com,Jane Davis,jane.davis6@example.com
Alex Wilson,alex.wilson51@example.com,Chris Davis,chris.davis24@example.com
Pat Williams,pat.williams52@example.com,Alex Davis,alex.davis9@example.com
John Davis,john.davis53@example.com,Chris Taylor,chris.taylor8@example.com
Pat Jones,pat.jones54@example.com,Blake Williams,blake.williams46@example.com
Morgan Miller,morgan.miller55@example.com,Morgan Wilson,morgan.wilson73@example.com
Casey Davis,casey.davis56@example.com,Casey Moore,casey.moore43@example.com
Jordan Miller,jordan.miller57@example.com,Casey Johnson,casey.johnson67@example.com
Morgan Miller,morgan.miller58@example.com,Morgan Johnson,morgan.johnson2@example.com
John Davis,john.davis59@example.com,Blake Smith,blake.smith60@example.com
Blake Smith,blake.smith60@example.com,Pat Johnson,pat.johnson5@example.com
Chris Johnson,chris.johnson61@example.com,Chris Moore,chris.moore27@example.com
Chris Davis,chris.davis62@example.com,Chris Davis,chris.davis24@example.com
Jordan Jones,jordan.jones63@example.com,John Davis,john.davis7@example.com
Jordan Johnson,jordan.johnson64@example.com,Jane Smith,jane.smith26@example.com
Alex Taylor,alex.taylor65@example.com,Jane Brown,jane.brown18@example.com
Morgan Smith,morgan.smith66@example.com,Morgan Miller,morgan.miller55@example.com
Casey Johnson,casey.johnson67@example.com,Alex Davis,alex.davis9@example.com
Jane Johnson,jane.johnson68@example.com,Chris Johnson,chris.johnson1@example.com
Chris Taylor,chris.taylor69@example.com,Chris Miller,chris.miller48@example.com
Morgan Davis,morgan.davis70@example.com,Jane Miller,jane.miller81@example.com
Taylor Smith,taylor.smith71@example.com,Taylor Johnson,taylor.johnson50@example.com
Morgan Davis,morgan.davis72@example.com,Taylor Wilson,taylor.wilson32@example.com
Morgan Wilson,morgan.wilson73@example.com,John Moore,john.moore39@example.com
Chris Jones,chris.jones74@example.com,Jordan Johnson,jordan.johnson64@example.com
Chris Davis,chris.davis75@example.com,Alex Davis,alex.davis9@example.com
Alex Davis,alex.davis76@example.com,John Wilson,john.wilson21@example.com
Alex Taylor,alex.taylor77@example.com,Taylor Moore,taylor.moore84@example.com
Casey Moore,casey.moore78@example.com,Taylor Smith,taylor.smith28@example.com
Jordan Brown,jordan.brown79@example.com,Taylor Smith,taylor.smith28@example.com
Casey Williams,casey.williams80@example.com,John Davis,john.davis7@example.com
Jane Miller,jane.miller81@example.com,John Moore,john.moore39@example.com
Alex Wilson,alex.wilson82@example.com,Chris Brown,chris.brown29@example.com
Blake Davis,blake.davis83@example.com,Pat Jones,pat.jones54@example.com
Taylor Moore,taylor.moore84@example.com,Alex Taylor,alex.taylor65@example.com
Jordan Jones,jordan.jones85@example.com,Jordan Jones,jordan.jones25@example.com
Morgan Miller,morgan.miller86@example.com,Jordan Wilson,jordan.wilson10@example.com
Jordan Smith,jordan.smith87@example.com,Jordan Smith,jordan.smith87@example.com
Morgan Johnson,morgan.johnson88@example.com,Morgan Johnson,morgan.johnson2@example.com
John Wilson,john.wilson89@example.com,Casey Taylor,casey.taylor93@example.com
Taylor Wilson,taylor.wilson90@example.com,Morgan Davis,morgan.davis70@example.com
Jordan Smith,jordan.smith91@example.com,Alex Johnson,alex.johnson99@example.com
Casey Moore,casey.moore92@example.com,Jordan Jones,jordan.jones25@example.com
Casey Taylor,casey.taylor93@example.com,Pat Johnson,pat.johnson5@example.com
Morgan Jones,morgan.jones94@example.com,Pat Davis,pat.davis96@example.com
Alex Davis,alex.davis95@example.com,Morgan Johnson,morgan.johnson2@example.com
Pat Davis,pat.davis96@example.com,Chris Johnson,chris.johnson1@example.com
Jordan Williams,jordan.williams97@example.com,John Taylor,john.taylor19@example.com
John Jones,john.jones98@example.com,Chris Williams,chris.williams3@example.com
Alex Johnson,alex.johnson99@example.com,Jordan Brown,jordan.brown79@example.com
Casey Taylor,casey.taylor100@example.com,Casey Williams,casey.williams80@example.com
